name,1,2,3,4,5,All
Erling Haaland,7.437877857801651,5.98388853015348,6.7744778981492955,6.628425703960263,6.1760070320079885,33.00067702207268
Harry Kane,6.37781801940175,6.243074915014938,4.315622419643039,6.679123288687452,5.697284916092447,29.312923558839625
Martin Ødegaard,5.5821926259534935,4.149777902586265,5.399286394982375,5.669187664587391,6.08402700289538,26.884471591004903
Marcus Rashford,6.44234381952609,4.088179058324795,6.570764333130906,4.416764136436822,5.001075654761469,26.51912700218008
Gabriel Martinelli Silva,5.449288549633526,6.204709664796456,4.450220993423591,4.7663886787862255,5.107500675377595,25.978108562017393
Phil Foden,5.28852059741769,5.041987173044233,5.073304798196072,5.987842548198722,4.256794540036627,25.648449656893344
Kevin De Bruyne,4.977282889985797,4.950892941454669,5.67658798201841,4.820707804414552,5.146876885081741,25.57234850295517
Mohamed Salah,4.875773628836996,3.4467900910293023,5.662349911163445,6.262377567490149,4.898849901856512,25.146141100376404
Callum Wilson,6.285697821709152,3.958467666035891,4.870987852003153,4.625732984027981,5.339437991458909,25.080324315235085
Bukayo Saka,5.101534687141782,4.484726532799521,5.156804364007489,6.014542969905318,4.1387179411214445,24.896326494975554
Leandro Trossard,5.197965026902357,5.311302504743062,5.092549737219051,4.574682560730582,4.395068083244767,24.571567912839818
Riyad Mahrez,4.653749718053475,5.29457731556914,4.336450929051353,5.061887750676012,4.553668748696922,23.900334462046903
Stefan Ortega Moreno,4.048057330583503,5.578124134915103,3.752012880038863,5.746145657554078,4.523092003024424,23.64743200611597
Reiss Nelson,5.663452571037566,4.092642567247432,4.669899403308217,4.685163245572007,3.894450800296579,23.0056085874618
Taiwo Awoniyi,4.397560850300674,5.861690340906969,3.9190921236010245,3.6792341258064374,4.89848777766736,22.756065218282465
Julián Álvarez,4.393581875606345,4.552691953535496,4.391983770109902,5.2334853289156475,3.9586816660326614,22.530424594200053
Eddie Nketiah,4.282503735088388,3.9495563591432505,4.032238914464107,6.137785674336411,3.6959256863805043,22.09801036941266
Fábio Ferreira Vieira,4.303128315738209,5.010309928559011,4.061366049188,4.043602719841409,4.342471838670369,21.760878851997
Raheem Sterling,4.633429282483376,3.3514194646065176,4.637666248761156,4.967130189986622,4.166086469331531,21.755731655169203
Eberechi Eze,4.49058518608881,3.613303145231032,4.559186536681836,5.398149497421303,3.4054364174988505,21.46666078292183
Diogo Teixeira da Silva,3.545935176475626,4.455970763023001,4.217693680472631,5.1388780435202515,4.07123040635386,21.42970806984537
Ivan Toney,4.959369745903236,4.0772472198380845,3.3499249971397953,4.738970311244288,4.2727013783527505,21.398213652478155
Miguel Almirón Rejala,5.356130066888279,3.269246602650232,3.6850888429302424,4.075436124934748,4.985887941793304,21.371789579196804
Folarin Balogun,4.636506013863204,3.764407330706347,4.767047438688407,4.4259296474855025,3.759027380180634,21.352917810924094
Nathan Aké,4.317221524716296,3.7878125937318776,4.149437117362413,4.4117914801367535,4.635039696881775,21.301302412829116
Cole Palmer,4.1126697292931835,4.825596245451973,3.8642831371295623,4.843698582544646,3.6255846586117526,21.27183235303112
Emile Smith Rowe,4.327317537089606,4.701877174198311,4.14813992239356,4.09919353021871,3.9318560308484907,21.208384194748678
Ollie Watkins,3.8451097377100547,5.770392733321359,3.7655893051063574,3.1487890972678754,4.530295883097392,21.06017675650304
Allan Saint-Maximin,4.057444526566786,4.379934570474044,4.6127076408426975,3.8940548090465237,4.069409821493111,21.013551368423162
Jack Grealish,5.327500809529442,3.402875709150142,4.768134589641449,3.4492421194391545,4.0128885120351,20.96064173979529
Garang Kuol,4.1401344368078865,4.042871714352223,4.498532496805772,4.086254644133795,4.159217892223036,20.927011184322712
Pedro Porro,3.6995009413642945,4.948397663192437,3.9253797871608027,3.91438496549054,4.367102716380505,20.85476607358858
Jadon Sancho,4.3554802183284,4.369779994992807,4.2474672620161185,3.90661598191343,3.819435229422383,20.698778686673137
Gabriel Fernando de Jesus,4.848331903674667,3.7762742614941827,4.223028647732982,4.653185051644978,3.1697221769296453,20.670542041476455
Romelu Lukaku Bolingoli,3.532269724500103,3.746302873903187,5.206489214597762,3.8632174501229164,4.309917116588619,20.65819637971259
Christian Pulisic,4.8047059810695965,3.651092008652639,4.3360173594253935,4.425167247529074,3.4286668047547915,20.645649401431495
Christopher Nkunku,4.491761101036906,3.799341858331748,4.40772024597709,4.183298532969661,3.7236923652298435,20.60581410354525
Mykhailo Mudryk,4.667780641336413,3.478193771127297,4.667044049711968,4.507543033938011,3.2710081318121995,20.59156962792589
Moussa Diaby,3.3799636265431205,4.386490636787831,3.996537511824301,4.096797695906264,4.719147233481151,20.578936704542667
Bryan Gil Salvatierra,3.8546003997908835,4.451373383690549,3.761353154495537,4.193869743790912,4.301097105812315,20.562293787580195
Luis Díaz,3.6105327519616663,5.627143708757113,3.4686340431560927,4.654420373165972,3.1919921538235885,20.55272303086443
Kieran Trippier,6.112412325991236,2.3633849992461684,2.4060131159023026,4.725803921966755,4.895022001385883,20.502636364492346
Callum Hudson-Odoi,3.9764898253783274,4.023156962712123,4.225263006643337,4.265260473962468,3.963299092913764,20.45346936161002
João Cancelo,4.389364879489858,3.888709800241183,3.9491244045509264,3.599685411888422,4.587915179866816,20.414799676037205
Manor Solomon,3.854239962490774,4.21209924447671,3.9072808152568266,3.9812771613995634,4.448127242328323,20.403024425952196
Harry Wilson,4.086695286137444,4.40507387985672,3.551796807885764,3.4422139723581777,4.907448886489793,20.3932288327279
Anthony Martial,4.289968519319218,3.8488639433496035,4.299403350115138,3.7612020835830764,4.183143098266542,20.382580994633578
Bernardo Veiga de Carvalho e Silva,4.742640158278511,3.425304555818246,4.5951233047592615,3.7734985735866706,3.7824514541459413,20.31901804658863
Nicolas Pépé,4.27806857449026,3.941852993466436,4.126987148639521,4.268420372845406,3.649727125258271,20.265056214699893
Ben Davies,3.9432702915332234,3.6820626470595714,4.233917080143413,4.048964138184956,4.174048060244551,20.082262217165713
Kaoru Mitoma,3.8548335313807334,4.163797388555532,4.576495114631819,4.019783455574683,3.3913961154829346,20.006305605625702
Zack Steffen,4.268072529637148,3.6918920530323787,3.92268416596903,4.253058476016563,3.832156887532311,19.96786411218743
Rhian Brewster,4.659171110950447,3.5885163487674125,3.7353724836333795,4.677232084245136,3.299566494018939,19.959858521615313
Bruno Borges Fernandes,4.4982428104864445,3.762503393087905,3.9813081866347906,3.827849291636448,3.8665695592216283,19.936473241067215
Pascal Groß,4.256089134847815,4.0544084029451986,4.2919305999124004,2.941980782950022,4.383836516331704,19.92824543698714
Emmanuel Dennis,4.0531766500941755,4.976999084009749,3.5961987052592415,3.374168750032088,3.917040150073727,19.91758333946898
Pierre-Emerick Aubameyang,4.190104233231463,3.551661119527224,4.235071282515286,3.911623290258393,3.9067227683919734,19.79518269392434
Sergio Gómez,3.699232869907415,4.461428414548089,3.96080380961365,4.58836935954604,3.0755760628182918,19.785410516433487
Pablo Sarabia,3.7786172343879096,3.6678577292004926,4.1004954537140454,3.535537211419153,4.692295445811955,19.774803074533555
Ryan Sessegnon,3.6357487165329383,3.242546537397822,4.3386316335877515,4.1357764453596415,4.402633507214914,19.75533684009307
Alexander Isak,3.615231848152873,3.6052322316899703,4.139720739885537,3.6784204842125936,4.715301405267167,19.75390670920814
Noni Madueke,4.006399320733441,3.894255779828568,4.1936854173144935,4.32842214976013,3.2159141658048798,19.63867683344151
Saïd Benrahma,3.6685917613583596,4.6389055664972245,3.334101215992697,3.808422347454541,4.178792257185086,19.628813148487907
Solly March,4.028203705698764,3.307162965337537,3.9972084540586836,3.4044558601818453,4.879429954996378,19.616460940273207
Oleksandr Zinchenko,3.776851187335356,5.134832559991355,3.916053086873066,2.6137887725074416,4.116310820850413,19.557836427557632
Jacob Ramsey,3.416711881119986,4.424027224468463,3.4522957946987054,4.09664092616794,4.14745627512213,19.537132101577225
James Maddison,4.52542831852571,3.637879989820166,3.3739211417061687,4.183704933531813,3.7515668315295683,19.472501215113425
David Datro Fofana,3.849004062468878,3.360237515728085,4.780094829458929,4.005067407209267,3.4612821360258836,19.45568595089104
Benjamin White,4.270697808691653,4.162969427315134,3.9202661825530436,2.9267960493701084,4.10635199771396,19.3870814656439
Kepa Arrizabalaga,3.613076797695757,3.470419643016224,4.340777000292451,4.2564147530124385,3.6925564756492024,19.37324466966607
Granit Xhaka,4.293842847188999,4.038654186376472,4.015018374420898,4.041208095703465,2.944840809850729,19.333564313540563
Son Heung-min,3.1508821679005132,4.473401635753052,3.684764504940989,3.901101102092926,4.1117596740113695,19.32190908469885
Alisson Ramses Becker,3.6109436185330184,4.095684604752528,3.5233851229591044,4.72349862600525,3.340361523558408,19.29387349580831
Armando Broja,3.544279935569704,3.339252978427516,4.545085600562959,3.9918199593449435,3.8331025427780707,19.253541016683194
Antony Matheus dos Santos,3.8726152722374882,3.5145608652434683,4.027294958552157,4.102222103539641,3.724575035929905,19.24126823550266
Marcus Oliveira Alencar,4.245631299645855,3.3976067784860495,4.303716186148242,3.9435667061421187,3.305760580552188,19.196281550974454
Oscar Bobb,3.572829285198133,4.275312646028213,3.571141497225409,4.258746129771716,3.4847324078918396,19.162761966115312
Evan Ferguson,4.4683648321823055,4.129197942068804,3.3933902551311474,3.434998882788851,3.715787812482138,19.141739724653245
Andreas Hoelgebaum Pereira,3.4590267561061667,4.988709929124757,2.9769695587174674,3.1379108897105263,4.544162309047425,19.10677944270634
Philippe Coutinho Correia,3.3252636446637913,4.121749877236073,3.6391967805044745,4.242359227516084,3.754947320960757,19.08351685088118
Dominik Szoboszlai,3.1727429039965864,4.4974228948286,3.472388711640245,4.134478154405918,3.748649461458874,19.025682126330224
Gabriel dos Santos Magalhães,3.9851540734409,4.498737891662377,4.480038544027821,2.252152619025371,3.7859339229910605,19.00201705114753
Adam Lallana,4.288476175649474,5.347221614320342,2.87813097420646,3.6023227703421385,2.8667251538659535,18.98287668838437
Ederson Santana de Moraes,3.918577465431894,3.713504553847925,3.7346601769506718,3.5821197752447125,3.997550538429226,18.94641250990443
Darwin Núñez Ribeiro,2.8123977290722273,4.08531209727122,3.898589667524818,5.1485485025547435,2.9761930131647265,18.921041009587736
Christian Eriksen,4.119902995493338,3.55269666956936,4.15330983984762,3.4468185918378227,3.637565391573294,18.910293488321436
Matt Turner,4.349669260252411,3.8227098857321993,3.758243036007337,3.3875997964503943,3.5229990205728496,18.841220999015192
Nicolas Jackson,3.5185414363686442,3.3248971713622852,4.369585836524812,3.664605492608401,3.9617197696467423,18.839349706510884
Hakim Ziyech,3.8558312310753093,3.190145116321072,4.156174148766888,4.3879028445756445,3.2451390040810066,18.83519234481992
Emiliano Martínez Romero,3.5753474300970725,4.015736082868286,4.05118434164032,2.692349742342415,4.491450858963735,18.82606845591183
Steven Alzate,3.9739361778835844,3.4235378863898704,3.920509446889498,3.7239837389178563,3.7650914041666956,18.807058654247506
Alejandro Garnacho,3.906486770592255,3.327377494187574,4.1005765604094035,3.4488892084303204,4.02219943976634,18.805529473385892
Yoane Wissa,4.8788046028537915,3.33599615366263,3.277337669802505,3.45499298600222,3.7963587150961606,18.743490127417306
Iliman Ndiaye,4.493380957274302,3.2705408552597364,3.542648959367537,4.328880640797329,3.1052108542452226,18.740662266944128
Hwang Hee-chan,3.2560204305763127,4.27147422752097,3.939236934282655,3.671114977944103,3.5840974584771876,18.72194402880123
Caoimhin Kelleher,3.3520221364571254,4.20287087439237,3.3684529665999685,4.4176197442544725,3.379507765534165,18.720473487238102
Michael Olise,4.311742788355072,3.605271113835113,4.12371282107893,3.6294424534414,3.0315702597752017,18.701739436485717
Youri Tielemans,4.005223158437688,3.912100818535415,4.039826638190934,3.261995765357482,3.480088388891878,18.699234769413398
James McAtee,3.4531765018014946,4.060381874128708,3.723822349932031,4.0896726391649265,3.368482383239093,18.695535748266252
Manuel Akanji,3.6586712175788234,3.9462233478714923,3.575830493567998,3.8015391712726485,3.710993906776797,18.693258137067758
Harvey Barnes,4.161376386108201,3.132217187409956,3.26680970570719,3.9689508591241554,4.1332626831410275,18.66261682149053
Willian Borges da Silva,4.0179494817801205,3.7761081188149275,3.2153776555973215,2.8998165262497144,4.716069882894623,18.625321665336706
Matheus Santos Carneiro Da Cunha,3.7121985829035866,3.6435228593487947,3.586894036969343,3.9102354473858414,3.770650622726209,18.623501549333774
Keane Lewis-Potter,4.065177794727515,3.1675413695888226,4.017024984710063,3.810830692688838,3.5616509736393835,18.62222581535462
Dwight McNeil,5.0031014929548645,2.474288886408119,3.9762185558343477,3.0658696582834617,4.057289310042283,18.576767903523077
William Saliba,4.597893102558003,4.482432265892366,4.245392291836434,1.7203705030511296,3.499421922994638,18.54551008633257
Deniz Undav,4.1753631473707165,3.8694606731686205,3.5689167336666268,3.5674071983787927,3.361884270002112,18.543032022586868
Bertrand Traoré,3.296636987778462,3.9722589381476583,3.7693854670043327,3.4712443578637613,3.953668286375845,18.46319403717006
Alexandre Moreno Lopera,3.4082571941265334,4.5766273591709,3.762951657986174,2.10531180644559,4.608056644812561,18.46120466254176
Bryan Mbeumo,5.22384483551489,3.0931766471721795,3.7021801674924726,3.3415295945905656,3.0558791590302983,18.416610403800405
Alexis Mac Allister,2.882969392165002,4.181322948534555,3.3507549375965793,4.417583053708632,3.559050794501945,18.39168112650671
Simon Adingra,3.698459599777702,3.5289060789241846,3.6873525739370416,3.6637057176415366,3.7824994419830853,18.36092341226355
Richarlison de Andrade,3.247759042306053,4.366374585885887,3.3667083551083055,3.585937597265503,3.7792297950595897,18.34600937562534
Leon Bailey,3.1465988558734947,4.296252728230768,3.4940625903054956,3.109863227398775,4.2979777592442625,18.344755161052795
Mason Mount,4.460062272337827,3.4220140812279345,3.4833189040419077,3.5366618963956027,3.435418591271861,18.337475745275132
José Malheiro de Sá,2.464282678757166,4.4240918712771835,3.2921922117505984,3.6970369407948,4.4479846747080325,18.32558837728778
Aymeric Laporte,3.6557998561635037,3.680662722350182,3.5004599653656117,3.631806617996433,3.852506653048059,18.32123581492379
Joe Willock,4.41323676839501,3.287123385913664,3.6807576623661467,3.468404790937133,3.426370645131793,18.275893252743746
Rúben Gato Alves Dias,3.6819364037175903,3.461421479560671,3.7645997358044516,3.57629438886988,3.7784070607661233,18.262659068718715
Keinan Davis,3.5741410992552867,3.9710228007774537,3.3026717464437416,3.3625602043198244,4.033783457105277,18.244179307901582
Aaron Ramsdale,3.8401807218900936,4.290261744719223,3.6767501860589595,2.641701382373042,3.7843590763983945,18.233253111439712
Nick Pope,4.597092638180883,2.494023078921808,2.556059584786051,4.40782046590392,4.162368956592155,18.217364724384815
Amad Diallo,3.7384244652472605,3.3901935016463893,3.6533984605832623,3.5262265415291916,3.9042468883866244,18.21248985739273
Konstantinos Tsimikas,2.94235527789815,4.239183849812085,3.185723793193172,4.769256829081763,3.074679528409587,18.21119927839476
Andrew Robertson,2.7047480441203238,4.129104545304062,3.4791846264079664,4.617668503741467,3.2559963480178125,18.186702067591632
David Raya Martin,4.057208879190342,3.4150283886389756,3.836015988229092,3.8795116431942516,2.9148990528562573,18.10266395210892
Jorge Luiz Frello Filho,3.4772357890266354,3.0838020867386566,3.7151413238938398,3.864616197427792,3.929575035540519,18.070370432627442
Facundo Buonanotte,3.8321023329477653,3.5588842498670674,3.4053782158365644,3.404566634286403,3.8139862301366803,18.01491766307448
Curtis Jones,3.0029061906091323,3.755817543329793,3.6331082506606007,3.9704503123232824,3.64039472459753,18.002677021520338
Ivan Neves Abreu Cavaleiro,3.3710510456903586,3.799044080321477,3.492650778194492,2.985391502515932,4.281095346852797,17.929232753575057
Gonçalo Manuel Ganchinho Guedes,3.016552531187071,4.3313292147939135,3.119710955694429,3.4236914789956954,4.025226327611111,17.91651050828222
Tariq Lamptey,4.009214604460559,3.4827453564769106,3.9086694785770044,3.7446944674228755,2.770168951415509,17.91549285835286
John Stones,3.7637036391816006,3.507064906015061,3.3995873109007144,3.4713834947190536,3.720466133619417,17.862205484435847
Cody Gakpo,3.4914980638842055,3.763399011752875,3.3778774056423186,3.994849176645288,3.187545176851587,17.815168834776273
Emiliano Buendía Stati,3.476802254385137,3.7407068458826123,3.778987054604408,2.9602126202583756,3.841542366421547,17.79825114155208
Jurriën Timber,3.8004973649388427,3.622446387308515,3.8669889905021337,3.168412605879772,3.333063806673821,17.791409155303086
Nikola Vlašić,3.2792633782271627,3.617812020493237,3.291333284026849,3.8372455566976695,3.73914352249954,17.764797761944457
Ângelo Gabriel Borges Damaceno,3.4020989610529897,3.0016341311632955,4.1045427836138595,3.787887293896259,3.4299318025155427,17.726094972241945
Lucas Tolentino Coelho de Lima,3.6063496288871475,3.6041305646751,3.334769392834292,3.5974891524024075,3.5687085354918873,17.711447274290833
Giovani Lo Celso,3.5794939094212017,3.740764937558583,3.3786720943224653,3.3960915375345353,3.615868686412999,17.710891165249784
Morgan Gibbs-White,3.1083136189095955,5.228584005060738,2.8140115498836984,2.5704406457546014,3.9691718870749595,17.690521706683594
André Onana,3.9396324467319035,3.323541400095489,4.037246953349036,2.789313916886231,3.5878020920908105,17.67753680915347
Danny Welbeck,4.023067871685968,2.973534476011812,3.4626239906915393,3.0120140946776344,4.192205283004383,17.663445716071337
Elliot Anderson,3.399923688398151,3.636502508025628,3.56602675577773,3.494258113630898,3.5460667177141145,17.64277778354652
Sergio Reguilón,3.304118275391425,3.117909441870302,3.8825732353352214,3.746048516704371,3.5915133507935346,17.642162820094853
Anthony Elanga,3.251365318750744,4.663462735487468,3.1071093690425586,2.8986865620356603,3.6884072102354315,17.609031195551864
Dejan Kulusevski,2.9479852724248232,3.736587540125824,3.255463776045846,3.423240649712212,4.232977539251993,17.5962547775607
Joël Veltman,3.977551105643367,2.686466126608246,4.727446223827077,3.9518028704077937,2.252719251436951,17.595985577923436
Mahmoud Dahoud,3.7898428167637848,3.3500218291447093,3.5042380759885488,3.392587006408138,3.5244256222305834,17.561115350535765
Shola Shoretire,3.542000616024189,3.445503441452284,3.5336868134043167,3.4567384546438022,3.582953744572321,17.560883070096914
Facundo Pellistri Rebollo,3.649702650185044,3.0449453045767987,3.7399608668544824,3.1767447143185654,3.940468617673674,17.551822153608565
Virgil van Dijk,2.46007339627881,4.6773428909717625,2.9410089560371055,3.8568717711047595,3.608058543157278,17.543355557549717
Tommy Doyle,3.690961360282601,3.6495178522002556,3.7701821599062795,3.5998487570421664,2.829148214269356,17.53965834370066
Justin Kluivert,3.7517236347257503,3.5568601905961925,3.5251558729473684,3.568926962155987,3.121627818098868,17.524294478524165
Kai Havertz,3.717298065516146,3.962512177010418,3.4713083607458577,3.4015471517773515,2.9569514534486894,17.50961720849846
Anthony Gordon,3.0902995870799463,3.5396827344062194,3.046662232590763,3.477083575019795,4.328548798281829,17.482276927378553
Julio Enciso,3.6781328350576876,3.337225385789954,3.413059018332553,3.613178071487021,3.4174887948265473,17.459084105493762
Dean Henderson,3.554652034778157,2.726308006392302,3.8866033411918144,3.0914046356904263,4.196157524107266,17.455125542159966
Josh Bowler,3.125244989535747,4.8514206610141,2.9217802675271036,2.933497123645071,3.616133830090523,17.448076871812546
Frederico Rodrigues de Paula Santos,3.365368498161982,3.3633032207757436,3.943220532253245,2.8867859360268087,3.871016894917628,17.429695082135407
Odsonne Edouard,3.720544596393519,3.098829114094925,3.6166995559985144,3.958812130701763,3.023649450403018,17.41853484759174
Cameron Archer,3.010501084112982,3.699416860213563,3.544584239325814,3.480756954095649,3.6762183058665814,17.41147744361459
Trent Alexander-Arnold,2.5776068144179414,4.366314125101598,2.89283871092974,4.593752243755657,2.9793431576796676,17.409855051884605
Hugo Lloris,3.850117278111594,3.1178346941011954,3.6476580930230904,3.457773617659991,3.306373616963305,17.379757299859175
Ryan Fraser,3.553054452156549,2.7919141134137746,3.010245743577067,4.0707418086555895,3.9209035565921875,17.34685967439517
Brennan Johnson,2.6313436100013323,5.767716500992889,2.4276421189413737,2.3065844701021447,4.178189084904468,17.311475784942207
Arnaut Danjuma Groeneveld,3.740200458014095,3.140881883621561,3.588807071882276,3.2737208664878326,3.555303491217493,17.29891377122326
Aleksandar Mitrović,2.741236377651812,3.726177350164668,3.3470784530650883,2.9488681451565357,4.520875579489059,17.28423590552716
Harvey Elliott,3.0866349758243006,3.791698817628421,3.374218931673142,3.8983914906773878,3.128801476675661,17.27974569247891
Martin Dubravka,3.466631624420164,2.9110477924128677,4.135042164381448,3.465821112515843,3.276126533217192,17.254669226947513
Gustavo Henrique Furtado Scarpa,3.1527471556408306,4.5220210194189,3.057340103736075,2.7505480281704964,3.76766827426096,17.25032458122726
Maxwel Cornet,3.331238696077114,3.6136390772424862,3.3099040612562822,3.643421993424238,3.331454319647423,17.229658147647545
Kyle Walker,3.461614659290494,3.5269825617328516,3.4467382133093176,3.4569784705761437,3.334499292473171,17.22681319738198
Daniel Castelo Podence,2.90599225473777,3.6019651137524056,3.990192264334495,3.483944033533894,3.1963501660227864,17.17844383238135
Sergi Canós Tenés,3.300032472383209,3.1115578278705174,3.613475476705239,3.8905101617665965,3.219916616447521,17.135492555173084
Jarrod Bowen,3.706880779864396,3.6230684279017327,2.7264559813332614,3.9101065230699747,3.1512278383429058,17.11773955051227
Reece James,4.065003949250523,2.9760215227667803,3.888923790527069,3.183190881147925,2.9983467248176163,17.111486868509914
Mathias Jensen,3.7463323940295394,3.218057824095438,3.042125756938222,4.557645365025141,2.539599498467739,17.103760838556077
Rodrigo Bentancur,3.5598641247459932,2.6985214707866048,3.438030225463195,3.4057568536077047,3.903414439841227,17.005587114444726
Luke Shaw,5.124641325545537,1.4185888941077245,5.422687318008227,1.1576638002850892,3.8642235581716884,16.987804896118266
Morgan Sanson,3.082577459266534,3.6344908673016016,3.2980979861379334,3.445811890199969,3.5036606801725485,16.964638883078585
Adrián San Miguel del Castillo,2.8627866350822906,3.737899016011414,3.3394267204887287,3.638519116722212,3.372601720709093,16.951233209013736
Tom Cairney,2.965556063864897,4.025262263910521,3.051465260893692,2.9166665929315094,3.981530728984498,16.940480910585116
David Brooks,3.6632261331581217,2.9310078086900146,3.6719652364723183,3.4947830115320064,3.1657469546559236,16.926729144508386
Aaron Connolly,3.53026350014692,3.081740356027372,3.5425439598602653,3.5236496216699065,3.2255280167450406,16.903725454449503
Guglielmo Vicario,3.1290298394248657,2.788063017614064,3.6551087111886664,3.4184951790313987,3.9111677544694894,16.901864501728483
Jaden Philogene-Bidace,2.9955818089047925,3.4993069394960488,3.6073672377049126,3.0451455416026265,3.7373443320767477,16.884745859785127
Jean-Philippe Mateta,3.428598265573684,3.3518235730666026,3.1597002599858373,3.5216683338618706,3.333254373248761,16.795044805736755
Gianluca Scamacca,3.1516034746556825,3.243199170810729,3.3757431981641988,3.5427855208501997,3.473613515645746,16.786944880126555
Robert Sánchez,4.147289370148827,2.964911951685048,3.7924894160487463,3.0570368426015255,2.8061510920082666,16.767878672492415
Lukasz Fabianski,3.969770820811779,3.0252364981816617,3.189314121817053,3.72721509218593,2.8426545065909243,16.754191039587347
Djed Spence,3.051590992556428,2.959348873289291,3.1601600148549,3.0694643103472137,4.497735673325088,16.73829986437292
Emerson Leite de Souza Junior,3.356430869418891,3.460983428412784,3.0328214035293035,3.026711867327772,3.8312481578807143,16.708195726569464
Kieffer Moore,4.6679765340112125,2.070867667740165,4.424242977495996,2.5734957996930383,2.9646932850427925,16.701276263983203
João Pedro Junqueira de Jesus,3.869783138151477,3.16378527114112,3.275662295614162,3.134614262099121,3.199961875575716,16.643806842581597
Raphaël Varane,5.446238683686436,0.8535079235880998,4.593695109119046,1.7564709055006098,3.9833485272468723,16.633261149141063
Billy Gilmour,3.81657469617143,3.5642392538687107,3.029151532232029,2.8568465197984443,3.355924049688297,16.62273605175891
Jeremy Sarmiento Morante,3.6717021967276837,3.241488619177381,3.2152924082942542,3.161173535025765,3.285540359630006,16.57519711885509
Marc Cucurella Saseta,4.359734633330858,2.4739439640228165,3.6249460381389556,3.4625625517806453,2.6502885761087613,16.571475763382036
Bénie Traoré,3.7020196737440445,2.9194810277093772,3.385346412716113,3.772815961558778,2.784687192504479,16.564350268232793
Aaron Cresswell,4.74528731194822,2.711525469153859,3.010249489872785,4.255057579620597,1.8193597289115617,16.541479579507023
Pervis Estupiñán,3.408264426377225,2.5314751226374312,4.102964318477862,3.889714233325962,2.56411476682686,16.49653286764534
Rodrigo Hernandez,3.75850409732982,3.674039935354725,3.601175040179416,2.865227784426593,2.567930361402813,16.466877218693366
Pablo Fornals Malla,3.4573891900544558,3.040176569055242,3.6342816578031565,3.546941614063573,2.7871475408985518,16.465936571874977
Sam Johnstone,3.756895921897576,2.3544360886272413,3.4067186380286314,3.395780979298025,3.528999216518641,16.442830844370114
Tyrell Malacia,3.4705701711511763,1.3488661414087684,4.252861174377503,2.8656231730877497,4.480933013990501,16.418853674015697
Thiago Emiliano da Silva,2.9361078763137787,3.5278826828749272,3.447021849949718,3.1281977457081753,3.37407056913269,16.41328072397929
Marcus Tavernier,3.3004982597977763,2.552398745246082,3.3624872523338736,4.5136017576420295,2.682117531949844,16.411103546969606
Adam Webster,3.760529375252056,2.878095007370134,4.15178530914742,3.7237298790493467,1.8863877872420032,16.40052735806096
Ian Maatsen,3.073557141280177,2.7460518434462813,3.7995747689858215,3.570660740568896,3.205833523506654,16.39567801778783
Thomas Strakosha,2.7698178204423174,3.095658897882143,3.9457224284580663,3.7051867368504796,2.866654532959336,16.383040416592344
Donny van de Beek,3.6818054877835147,2.9859910717446105,3.6728013955765073,2.5084157413085295,3.5301577614046478,16.37917145781781
Ben Osborn,3.8670801577492737,2.771825591461404,2.9660773892505166,3.9881136645548354,2.770414239360335,16.363511042376366
Wes Foderingham,3.9339516035562037,3.431279826428697,2.857507468341555,3.658145683155184,2.479196231540378,16.360080813022016
Nathan Redmond,3.4535691012832066,,4.081802715910226,4.489655481943109,4.247522862261762,16.272550161398303
Douglas Luiz Soares de Paulo,2.748299583183779,3.230255461708068,3.365318328999373,3.9095534642204717,3.0074737254057995,16.26090056351749
Halil Dervişoğlu,3.16410890035018,3.2409603440119463,3.093199893221805,4.102348176279249,2.658317950032247,16.258935263895427
Carlos Vinícius Alves Morais,3.3174236807317063,3.665115549819439,2.3540242132362996,2.563865840436878,4.256341863571749,16.15677114779607
Carney Chukwuemeka,3.4056435961099263,2.841975847406821,3.5586268815080517,3.246448343003375,3.0942605355276678,16.14695520355584
Kurt Zouma,4.134480873997522,2.6423914359237513,2.9984812119016278,4.684885535450078,1.6737984810681095,16.13403753834109
Loris Karius,3.3651583296876906,2.8478509321743406,3.2088406944455405,3.343888509570939,3.327041215164125,16.092779681042636
Raúl Jiménez,3.0964413924982237,3.453044937457272,3.0895331858803035,2.6066952699975587,3.840992089359095,16.086706875192455
Danny Ings,3.1185135216887074,2.8928172580860183,3.579024328637206,3.386210855232666,3.1055294360675108,16.08209539971211
Bernd Leno,3.656414303502033,2.890001923155454,3.226074161232332,2.5849345235483723,3.7146776979519496,16.072102609390143
Mikkel Damsgaard,3.3813909260623207,2.968342391873322,3.093588677420013,3.6522609472632075,2.962843012646154,16.058425955265015
Vicente Guaita,3.407497814408022,2.561768323592924,3.2349767487563073,3.4578925589025475,3.395336176619325,16.057471622279124
Kevin Schade,3.2600159509275928,3.087826257708673,3.127688270837292,3.655373745822316,2.9093260660957423,16.040230291391616
Takehiro Tomiyasu,3.6978628864488945,3.5264647104898623,3.3350611893145343,2.254034236826694,3.2216015430208644,16.03502456610085
Danilo dos Santos de Oliveira,2.4900762848503666,4.590539366155858,2.5645181025914034,2.3671839377002053,3.993990891658977,16.006308582956812
Dominic Solanke,3.053124310813282,2.5651288364186007,3.0867912034292617,4.505630188960324,2.7929337510503274,16.003608290671796
Jakub Moder,3.917530654983076,3.246747916342854,3.101385242732545,2.804089287776117,2.9314481854625916,16.001201287297185
Demarai Gray,2.937756636955804,2.7087241459858857,3.8150513714998935,2.901411634455652,3.6349561980790854,15.997899986976321
John Fleck,3.7663016177874136,2.8908379901970074,2.666291657153404,3.8336537176128074,2.837760575316983,15.994845558067615
Tim Iroegbunam,3.0952879697732785,3.2433704032805872,3.2473401619328905,3.225796661180648,3.1797607472022333,15.991555943369637
Siriki Dembélé,3.2632801096330377,3.369605926265927,3.208763903286669,3.12462672435123,2.994402297317947,15.96067896085481
Pedro Lomba Neto,2.8633749379383113,3.3947677684922573,3.1948480612652768,3.3064948474237523,3.191993784339682,15.95147939945928
Thomas Partey,3.894357431747216,2.9767922833923866,3.3858268992963465,2.7961672115047875,2.873725336876629,15.926869162817365
Destiny Udogie,3.0311421721538183,2.9443136860171712,3.2360151436036046,3.001194672439971,3.7030403111129724,15.915705985327538
Andi Zeqiri,3.9602186525317338,3.098828241260123,3.099058709902791,2.875561636461911,2.846897639679047,15.880564879835607
Darren Randolph,3.678441738850821,2.60983045559521,3.016080952924562,3.3310294805209617,3.2149488135631676,15.850331441454722
Kacper Kozłowski,3.7663944428426275,3.0298247402255454,2.8401266740660738,2.9759908196913987,3.20055408489199,15.812890761717636
Cédric Alves Soares,3.8093217042772993,3.123396546222504,3.337191274701328,2.8675205075338077,2.6610052352174502,15.798435267952389
Sander Berge,4.249351747751592,2.942311246733267,2.5169901414540625,3.2831035269228215,2.7860564743719234,15.777813137233666
Ivan Perišić,2.9150777702712345,2.9326778073762068,3.0739586856502497,2.803698892307634,3.9774945190880535,15.702907674693378
Dominic Calvert-Lewin,3.6208532487919483,2.5343119045906546,3.398518148107546,3.1174985548671534,2.9743202160774684,15.64550207243477
Daniel Jebbison,3.3717021960545894,2.9389953323620865,3.0780649704434735,3.282348571565092,2.9725502652548945,15.643661335680136
Michail Antonio,3.2701352439409446,2.790191446474595,3.025434183850808,3.644663675192631,2.9126223840710743,15.643046933530053
Ryan Christie,3.710796663502278,2.4612813653733063,3.4361178006212283,2.6646048344122786,3.346811569709966,15.619612233619058
Hannibal Mejbri,3.3097303869003882,2.921526354958357,3.21341307903237,2.867143149298787,3.2886702560016774,15.60048322619158
Jacob Murphy,3.2650418591412373,2.7237705807370327,2.9324506271402226,3.0113464059322856,3.6674191827396028,15.60002865569038
Joe Rothwell,3.2260854946449227,2.850265212289689,3.0765414067040497,3.4763432390951126,2.943669462947085,15.57290481568086
Eric Dier,2.655536939993004,2.719590705492789,3.379134801295904,3.2373015114699344,3.5759305591360055,15.567494517387637
Aaron Wan-Bissaka,3.966988537398433,1.12714280285996,4.426718419184186,1.6498483121394667,4.390635424669184,15.56133349625123
Yasin Ayari,3.4907996071518026,3.1834896124978753,2.8213247344361596,2.9597410583595076,3.092349645985659,15.547704658431005
James Milner,3.465225506116451,3.2859031570998782,3.112100947213846,3.0445246719948686,2.5860186027249865,15.49377288515003
Antoine Semenyo,3.246957125789179,3.11837356456103,3.042012232603139,3.1983982675034985,2.855626684420425,15.461367874877272
Abdoulaye Doucouré,2.9420975172540427,3.3111749493082483,3.3873781342983955,3.2414524058174754,2.5584814324305762,15.440584439108738
Joe Gomez,2.9060166403712504,3.669720007103316,2.7326622071244335,3.7833024909152,2.325069918264494,15.416771263778694
Jonjo Shelvey,2.5026490216188186,4.405023307942508,2.494125861286169,2.173922597307403,3.82327938846188,15.399000176616777
Hamed Traorè,3.2788868786940553,3.095026315501678,3.3154559505772907,3.00409323200278,2.6894317076442027,15.382894084420005
Nuno Varela Tavares,3.900664203743939,3.058292249424791,3.362483299731969,2.852432705028426,2.20424861304652,15.378121070975645
Malcolm Ebiowei,3.1787034278018416,3.063541631320766,3.0328919381309722,3.2525037904795235,2.8463354314360814,15.373976219169185
Bobby De Cordova-Reid,2.829535667759684,4.189744862347646,2.262076374821606,2.1996910329201356,3.8912058940080856,15.372253831857158
Oliver Norwood,3.5559468887502748,2.752841653270263,2.6024773904402485,3.716225373846835,2.7390356982491992,15.36652700455682
Ashley Young,3.702370451572711,2.0559303765856667,3.347323984870008,3.14566041303127,3.1033904516111024,15.354675677670759
Karl Darlow,3.12875603560284,2.552588751255355,2.9053729159003234,3.426854406207039,3.328395247983541,15.341967356949098
Fábio Silva,2.9104930902844854,3.2420167015796677,2.842835499257566,2.867508605816708,3.466322850399556,15.329176747337982
André Tavares Gomes,2.8327258845193324,2.646757042877022,3.502360662181995,3.0560912477455817,3.2827579823739645,15.320692819697896
Christian Nørgaard,3.6289950447622212,3.455553708471572,2.2909032856729903,2.837223669739279,3.0784960262285503,15.291171734874613
Kieran Tierney,3.005117467065218,3.3380965975956682,2.9982232605995023,2.888764796272314,3.059086288113119,15.28928840964582
Alex Mighten,2.901897621102939,3.9555196453690558,2.6922551762739895,2.454079805802497,3.2768147024973215,15.280566951045802
Jordan Pickford,3.6284857462258193,2.3389162169917634,2.870738760440635,3.1100157351677913,3.3270600035202316,15.27521646234624
Tyrone Mings,1.7237882730084788,3.844439953845659,3.769511132526051,1.6574899494763722,4.256276145039103,15.251505453895664
Ben Chilwell,3.4438521038360124,3.1503760279178357,3.1799576525365536,2.646386158604331,2.8109776735587033,15.231549616453435
Michał Karbownik,4.130912545982631,2.693099789412507,2.7812196639878373,2.8611187548064754,2.667150783420018,15.133501537609469
Robin Olsen,2.914567872055878,2.579900243935085,3.8599377942375783,3.147271989385181,2.6297620619870488,15.13143996160077
Kobbie Mainoo,3.1347152168281704,2.8689334847848222,3.138149083602765,2.88510946069771,3.092081551831197,15.118988797744665
Mathias Jorgensen,3.1624346208689103,2.740082482789415,2.7775171903084725,4.1604303067623745,2.2639835845303384,15.10444818525951
Conor Gallagher,2.7389124782191887,2.3711733625749396,3.438360214626182,3.072721950566801,3.473477051296725,15.094645057283836
Lisandro Martínez,3.7965077240400396,0.47272580248009355,3.9675682710100597,2.8530141042707315,3.9637822203958963,15.05359812219682
Lewis Dunk,3.059230665903752,2.7528907985433433,3.8825269248330807,3.22431959359655,2.1228031379630643,15.04177112083979
Jhon Durán,2.7367186285052973,2.9535437163834466,2.954690063029963,3.218910087046617,3.161969080269034,15.025831575234358
Jaidon Anthony,3.3192043512793488,2.5152983720848505,3.2335028222934428,3.2260073789921995,2.7199376633117147,15.013950587961556
Pierre-Emile Højbjerg,3.326294262224926,2.477572593098862,3.2555077576209603,3.1411418156027695,2.7958835213303592,14.996399949877876
Albert Sambi Lokonga,3.441138869233268,3.1551949539221082,3.0808428946817843,2.430494156133328,2.8477793473787454,14.955450221349235
Philip Billing,3.3345625530068927,2.5809236331247805,2.558523535532662,3.445117329550629,3.0275132167562573,14.946640267971222
Fraser Forster,2.5914939144788756,3.3835852610491086,2.80751575966719,2.7371674726076245,3.4158169091506823,14.935579316953481
Bruno Cavaco Jordão,3.03932110288154,2.910344492991894,2.6673003271513442,2.8545069845512874,3.4447244450073358,14.916197352583401
Jamal Lowe,3.233881144796407,2.7153005037711777,3.078527273064206,3.0456327919173907,2.822542542550826,14.895884256100008
Jacob Bruun Larsen,3.2404708498095163,,3.9709036787297327,4.185054506424099,3.4970248066414227,14.89345384160477
Pau Torres,3.062505799831226,3.36754747489561,3.310161439586662,1.8536196510842036,3.2874234604971315,14.881257825894833
Kalvin Phillips,3.1082948875112004,3.0222031732497756,3.2168763155765694,3.0035983900258865,2.5293661271183137,14.880338893481746
Matt Ritchie,3.358467875386686,2.2942172463928934,2.8970548668399436,2.933476216172278,3.3721599187953855,14.855376123587186
Joelinton Cássio Apolinário de Lira,3.929813344991122,2.4486637194094065,2.2093944739573663,3.02607929651717,3.240790342772635,14.8547411776477
Josh Dasilva,3.3192736637219467,2.395403059612689,3.1126767397675286,3.6895082840601185,2.299223201856666,14.816084949018949
Norberto Murara Neto,3.468810514722997,2.873496081835998,3.272987154365567,2.7820638964089834,2.416647923645396,14.814005570978942
Alphonse Areola,3.2608195806100513,2.8111568121727473,2.8748004271654155,2.920954696707617,2.9225662843970337,14.790297801052866
Tom Heaton,3.1455440109602284,2.2060144588320725,3.7200052727557678,2.6459086644334064,3.062584674697413,14.780057081678887
Enzo Fernández,2.9281940095337466,2.691308408212528,3.4237184398490497,2.916918810817366,2.8088663858388756,14.769006054251566
Tyrick Mitchell,3.441660847056453,2.0023639879146957,3.0642754515679558,3.259188700441819,2.987932707385995,14.75542169436692
Máximo Perrone,2.7640014384656117,3.306888429124201,2.9661246858552994,3.287051996793653,2.427787567500845,14.75185411773961
Seamus Coleman,3.6937890263346462,2.226795772664196,3.3808244045758142,2.2442993913643923,3.1921107590103714,14.737819353949419
Bruno Guimarães Rodriguez Moura,2.9551987058810534,2.1630854936135044,2.821426190767811,3.4293631092688086,3.3633700103918267,14.732443509923005
Jairo Riedewald,3.255248179584746,2.8983252716344614,2.905516304833415,3.052423083916792,2.6137341920424317,14.725247032011847
Lesley Ugochukwu,2.936274023710361,2.546841777417103,3.457617636832704,2.869836409704263,2.904147701806208,14.714717549470638
Rodrigo Muniz Carvalho,2.714943801000655,3.0700466964764503,2.7842171604138883,2.4255453127109226,3.6429152690345843,14.6376682396365
Joel Ward,3.170778679472389,1.6994077577648765,3.2385828293132937,2.7354290162148445,3.7930767623656125,14.637275045131016
Mark Flekken,2.64977939511669,2.6720157952986137,3.0647369300435754,3.5550978891824956,2.685345509009628,14.626975518651003
Sean Longstaff,3.055770993167452,2.7106817413680373,2.7346498060216042,3.324945920843173,2.7853472905205026,14.61139575192077
César Azpilicueta,2.258065883351027,2.726884839799002,3.3648854614254793,3.2993803995932245,2.9196284099100662,14.568844994078798
Malo Gusto,2.441118651381869,2.208803488173512,3.764963101393737,3.5237962428077862,2.617731978323415,14.556413462080318
Scott McTominay,3.06234800856896,2.7776177474396935,3.423758718333226,2.2602636744196243,3.012123684612699,14.536111833374203
Sven Botman,4.990631744782585,1.6676042095290722,1.5595999214372025,3.570165740989917,2.7324088228199495,14.520410439558727
Vitaly Janelt,3.487751649556693,2.4010867215162817,3.0767722570127036,3.105785394608195,2.435570093438897,14.50696611613277
Ionuț Radu,3.7659780782568584,2.165661341382826,2.745118874352986,2.6741824201395286,3.154232529481475,14.505173243613674
Alex Iwobi,2.755337124902156,2.3498511524391574,3.2932102076437166,3.1239056429279417,2.9726404201614915,14.494944548074464
Manuel Benson Hedilazio,3.3868371383898674,,3.820153848975367,3.857771765917108,3.409803132034191,14.474565885316533
Hwang Ui-jo,2.5384497364073324,4.206023630206455,2.1848323421184066,2.084197394159257,3.4597095217751663,14.473212624666617
Diogo Dalot Teixeira,3.7050159098579707,0.5231008356240192,4.456847911568155,1.5778379650692358,4.206806067479694,14.469608689599074
Orel Mangala,2.5026622723021887,4.00252218270782,2.2505873122333986,2.3987933148033784,3.301880810148723,14.456445892195509
Craig Dawson,1.4480040078794838,3.1720145488544533,2.2584143674616657,2.5586911809738426,5.008040717736711,14.445164822906158
Michael Obafemi,3.3174029497976347,,3.810546151349558,3.9563898006811344,3.3336674734036444,14.418006375231972
Sasa Kalajdzic,2.1978273643273463,3.4408604845152597,2.8263641990365436,2.6120618498264294,3.317289649533387,14.394403547238966
Jeffrey Schlupp,3.0288099028200763,3.0662447691781063,2.788745540986703,2.823661386607374,2.6703673949125832,14.377828994504842
Lewis Hall,3.1064835858927937,2.2886491544022363,3.743105461021144,2.541764293431652,2.6766648609003996,14.356667355648225
Carlos Henrique Casimiro,3.0413480317785178,2.7222773858149463,3.1624708168566604,2.7526328743329787,2.6745937689577035,14.353322877740807
Willy Boly,2.5270048631178774,3.716660868822257,2.2431584907171933,2.4870964407319915,3.3638067471867616,14.33772741057608
Scott Twine,3.2377202274810086,,3.847987552792161,3.9919503614803657,3.2218301939101552,14.29948833566369
Ibrahima Konaté,2.9274216780953255,3.192304786903134,2.4573170415850187,2.739480463696446,2.950923538725333,14.267447509005258
Dele Alli,3.038567824145864,2.4406593665077194,3.3029675194752643,2.990353804910505,2.4945891579343424,14.267137672973696
Anass Zaroury,3.38973368903891,,3.756859411425803,3.6614569176603604,3.4544112200689137,14.262461238193987
Emerson Palmieri dos Santos,2.805190473120591,4.290803692707191,2.2993224419206832,2.584313314984385,2.268391532783312,14.248021455516163
Ellery Balcombe,2.5950386696680976,2.987009773795746,2.815411452559214,3.108846478935855,2.741556553254407,14.24786292821332
Davinson Sánchez,2.714561923594583,2.319519656451238,3.180663380276491,2.8970814470451307,3.132392998028588,14.24421940539603
Victor Lindelöf,4.287355168465305,0.6679426149176351,4.013664954474312,1.5747007196445395,3.642638961520654,14.186302419022446
Dango Ouattara,3.446325785716703,2.25817384498297,3.1291022888815023,2.81074690917702,2.5330962736149933,14.177445102373188
Josh Brownhill,3.040175667782697,,3.720506745203733,3.8441593880943428,3.565761260377802,14.170603061458575
Marek Rodák,3.3256225039797043,2.2998239210095424,2.6707036193744074,2.5059496941092867,3.364235544816661,14.166335283289602
Brandon Aguilera Zamora,2.8978210116325487,3.1636566922256675,2.6268566453992293,2.5566347421923945,2.916966647513717,14.161935738963557
Japhet Tanganga,2.5044158674587003,2.682936580515081,2.81999800257959,2.7530655889347173,3.3968699513369094,14.157285990824999
Darko Churlinov,3.24950251202653,,3.7026939450790595,4.0272103670613975,3.172275883205887,14.151682707372874
Chris Wood,2.6232167806471187,3.3833361675680598,2.4845063735523594,2.3662625990627655,3.2805250547971765,14.137846975627479
Jay Rodriguez,2.930863167567442,,4.163250287342039,4.250966195850718,2.771678870305048,14.116758521065247
James Garner,3.14715645903627,2.503170275344478,2.7995957620836682,2.6745864552941567,2.967060906977676,14.09156985873625
John McGinn,3.0482072831907603,2.9005531475779343,2.9046559070190767,2.4662649485764065,2.7599624680337698,14.079643754397948
Pape Matar Sarr,2.704002148050831,2.664177857959892,2.8018109014595787,2.6561433337632705,3.2503599856918823,14.076494226925455
Neal Maupay,2.770817818706579,2.660225368480014,2.8289235496372553,2.568752637129114,3.1966020760571316,14.025321450010093
Dan Burn,4.625735603229653,1.0958790904893174,1.401374981760834,3.6014384244661803,3.2978520986397113,14.022280198585696
Sandro Tonali,3.187203638165591,2.4359886135278632,2.781078026385578,2.7487541223971776,2.8618172793506504,14.01484167982686
Fabian Schär,4.414317030070257,1.4433569799632346,1.5939525649178607,3.417323639256394,3.120237342934815,13.98918755714256
Will Hughes,3.202867446591534,2.6983276396552,2.5863466517426765,3.0276580528725647,2.464818084730217,13.980017875592193
Wout Weghorst,3.907188656370052,,3.8199451292352427,3.6613042789167833,2.5885482683061207,13.976986332828199
Andrey Nascimento dos Santos,2.6172634898767058,2.353406501141996,3.5961295882207223,2.788389237259861,2.6145880950569014,13.969776911556187
Mark Gillespie,3.0781072917028043,2.579266074003254,2.582570925912666,3.0132467246967574,2.6914524398930224,13.944643456208503
Luke Cundle,2.805399842492668,2.74748656549364,2.6463154467973657,2.557428005935199,3.1373191783555976,13.89394903907447
Harry Maguire,3.8436472876096017,1.6121886229111206,3.9307219437969865,2.183047329168015,2.301099990522771,13.870705174008496
Braian Ojeda Rodríguez,2.244878746430576,3.9649824989277525,2.2715423010840574,2.1524009636472448,3.236737307396509,13.870541817486139
Shandon Baptiste,2.984680223608745,2.3835177960477063,2.9817803151120046,3.093646529602341,2.380051218050344,13.82367608242114
Stefan Bajcetic,2.8477148149142577,2.792250533494272,2.695131062565048,2.859813643473535,2.6099432861636327,13.804853340610745
Chiedozie Ogbene,3.534485924350485,,2.9930670335493765,3.9644230402246317,3.3043938702201237,13.796369868344616
Thiago Alcántara do Nascimento,2.672773843133836,3.2523137199923555,2.334314603538873,3.133774043800849,2.3955724266583074,13.788748637124222
Frank Onyeka,2.8640017023665685,2.3894780017566886,2.9980442825398548,3.1474597434804155,2.332781228159673,13.7317649583032
Malang Sarr,2.228644066487167,2.0622841105687657,3.2292695834089438,3.383065299276761,2.80311081776318,13.706373877504817
Levi Colwill,3.0544166227255998,1.855363404552059,3.4410480081657626,3.1470928430350833,2.1891656299818036,13.687086508460307
Wesley Fofana,2.807845616956042,2.724866347260267,2.8274208939329997,2.6834478308585386,2.63680738463074,13.680388073638587
Gavin Kilkenny,2.8677797597386725,2.638725565175628,2.8092889073824194,2.7540875851979782,2.5707888266145815,13.64067064410928
Matheus Luiz Nunes,2.265713454054487,2.9549616777071517,2.5960499497726497,2.764397508747071,3.038805809142489,13.619928399423848
Declan Rice,2.704991592056235,2.7123833929951795,2.7231715307658177,2.7853527975505674,2.685024827182904,13.610924140550704
Bart Verbruggen,2.6876777074358085,2.8558414728073185,2.9289977017710633,2.6814494440891234,2.449590509804164,13.603556835907478
Jonathan Castro Otto,1.7936082521357841,3.144539185994385,2.446497426278114,3.2762176113192902,2.934656655567796,13.595519131295369
Cristian Romero,2.6796199549160553,2.3295026855572685,2.7348590751743753,2.712054184168788,3.1346016215310355,13.590637521347523
James Tarkowski,3.1514945444389477,1.7175718085957925,2.6541917204359446,2.899505242985466,3.16769775150616,13.59046106796231
Jakub Kiwior,2.9654320032465407,2.7208040391626778,2.913689370004734,2.6497021215276266,2.335888985359409,13.585516519300988
Wesley Moraes Ferreira da Silva,2.9497329948650695,2.6751610712582616,3.0120454719958127,2.2142454803396614,2.721308292004407,13.572493310463212
Nélson Cabral Semedo,1.853553049106929,2.9435055075992436,1.8073950497350966,2.4967057289107704,4.43599418031448,13.53715351566652
Ezri Konsa Ngoyo,1.753189888971975,3.640567008045312,2.9855019044301763,1.316073787363801,3.8369419996016445,13.532274588412909
Mads Bech Sørensen,2.842112548001107,2.305610297175681,3.338325819151337,2.689905000572036,2.3369955564828153,13.512949221382977
Rayan Aït-Nouri,2.150078256459307,3.948727414906867,1.8889903442788212,2.0048499298696774,3.492017959794425,13.484663905309098
Jack Cork,2.6810039836446693,,3.8401691493597285,3.891691507081755,3.0383272580789233,13.451191898165076
Sam Surridge,2.4401860583696573,3.8258964758488334,2.371085572572315,1.6938370504643538,3.110304711671554,13.441309868926712
Samuel Bastien,2.956634223274527,,3.455628185444028,3.938303266874194,3.0449568052286464,13.395522480821395
Alex Telles,3.3510084029116696,1.0688097816534876,3.7248196430184075,1.6792722931759005,3.5693141611875694,13.393224281947035
Mohamed Elneny,2.7725730642475943,2.796916562376264,2.7038641502344456,2.6872703755783505,2.411797336562193,13.372421488998848
Naouirou Ahamada,2.8231081745706845,2.632975879224487,2.6084047975343747,2.782525056086609,2.471244577323186,13.318258484739342
Ben Mee,2.9484361574695646,1.8011729855719691,3.200450957402041,3.6453813280434852,1.719439887266601,13.314881315753661
Matt Targett,4.040089728991588,1.0724663666908993,1.5973548599623006,3.468117694780676,3.1214089693363922,13.299437619761857
Zeki Amdouni,3.03668392289151,,3.3987599355695233,3.6440078308636314,3.1556861441656805,13.235137833490345
Enock Agyei,3.3775602412673686,,3.418023363248106,3.450019383147395,2.9449578172300015,13.190560804892872
Jordan Henderson,2.637220106869556,2.783712477620224,2.43541042237488,2.8686479040848294,2.4606847735797537,13.185675684529244
Angelo Ogbonna,3.090876089055196,2.6271012481830365,2.2453691085721736,3.1501254016130433,2.0704801479464496,13.183951995369899
Jordan Ayew,3.2211245808708506,2.458282813432553,2.759590293389649,2.603430844083716,2.1390394716115555,13.181468003388325
Rico Henry,3.2202334163521877,2.1632672301458458,3.114614051278175,3.2243663751694003,1.3851002503900132,13.107581323335623
Kjell Scherpen,2.5004406708930853,2.7319344447678837,2.838568062708532,2.574277717838565,2.4098210955104626,13.055041991718529
Yves Bissouma,2.138580565902201,2.326395938242846,2.3221132675576968,2.8825070569670563,3.3757833774780854,13.045380206147886
Ethan Pinnock,3.0075406284487096,1.8575760254083322,4.048353493820167,3.0956926380305285,1.0341664359041935,13.04332922161193
Aaron Hickey,3.478978936392063,1.8909597002887981,3.330991272974857,2.377969591055834,1.905957312450961,12.984856813162512
João Neves Virgínia,2.486710404430565,2.5802350884116247,2.6357773784248284,2.6706124422094435,2.6056334376822514,12.978968751158714
Harrison Reed,3.027054959699682,2.5221204624122366,2.1521047637569737,1.9167653205593247,3.350742827782459,12.968788334210675
João Palhinha Gonçalves,2.656512139264348,2.880478023128406,2.1577547046076644,2.0402237737840903,3.214659963507743,12.94962860429225
James Tomkins,2.8071917524552985,1.6804843927050337,2.6664846565458333,3.1906911503615474,2.555859823347439,12.900711775415152
Tahith Chong,3.298069113444222,,2.9490486148654798,3.5490941209576787,3.10373476534249,12.89994661460987
Cheikhou Kouyaté,2.1955489805231636,3.5128972973821666,2.1564011468019437,2.1330786985219072,2.901968430105592,12.899894553334773
Mads Bidstrup,2.6607985626986315,2.344388613743729,2.5914748331848374,2.965086919057537,2.327485115283771,12.889234043968507
Marc Guéhi,3.125937299790695,1.1882417322362446,2.879788845043872,2.8501406951133292,2.779152160583741,12.823260732767881
Joachim Andersen,3.298872372516718,1.7858882271326246,2.131401216302229,2.9790246586475293,2.6093814226325422,12.804567897231642
Rob Holding,2.740248109867615,2.873502665658866,2.604394449524147,2.1514970466687684,2.366671313964039,12.736313585683435
Josh Cullen,2.587391633369803,,3.4783232592843314,3.5545684609104216,3.0462464290039426,12.6665297825685
Leander Dendoncker,2.29133061988912,2.7568555171449463,2.8723963591778077,2.0029122359943914,2.7415206242695414,12.665015356475806
Joe Rodon,2.002468794129018,2.440277414842809,2.48916548639086,2.700849321516837,2.938050957942685,12.57081197482221
Nathaniel Clyne,3.2007626060458056,1.7258143013788105,2.5598113506166547,2.711565165381116,2.362609070353992,12.560562493776379
Matt Doherty,1.377866581240517,2.8904134069510725,2.7506624754540274,2.7667872095215342,2.7666908728947606,12.552420546061912
Lewis O'Brien,2.123473562018038,3.5165507612495484,2.044641145909935,1.9495887729934438,2.895340187392117,12.529594429563083
Abdul Rahman Baba,2.048106740961571,2.0556923485487513,3.3270135704840245,2.699933918623704,2.388359445827768,12.519106024445819
John Egan,4.641468074537893,2.1191802981641983,1.420418802986763,4.492828890593496,-0.16058612339957,12.513309942882781
Jefferson Lerma Solís,2.7487673090454994,2.4250039980131204,2.3760807791569416,2.8202184012054987,2.1116923523422706,12.48176283976333
Rico Lewis,2.4452789395138455,2.7561723973530317,2.455630446352054,2.679183202436689,2.142628351804431,12.47889333746005
Kristoffer Ajer,2.4157826765869643,1.7041270189190776,2.886216496639931,4.145232035312195,1.3143660680346807,12.465724295492848
Gabriel Słonina,2.037509773631789,2.37769574635343,2.809001656771234,2.6819595870329778,2.5282376205545063,12.434404384343937
Lewis Cook,2.9655191602292605,2.1728455786305627,2.210703498699508,2.5011950069513276,2.568772828031695,12.419036072542355
Jamal Lewis,3.2941340778931876,1.3834597208157984,2.037936670329958,2.6836470215470545,3.0170770410766368,12.416254531662634
Nayef Aguerd,2.9731198745281544,2.716648637093062,1.7058397773577836,2.6764581138002024,2.332440910914804,12.404507313694006
Cheick Doucouré,2.926592731668949,2.2356562364688317,2.617986001184348,2.5952714955560126,2.025051920079205,12.400558384957346
Mads Roerslev Rasmussen,2.601260227980137,1.9949952921383263,2.9478320555699113,2.9323384480509764,1.918271983259877,12.394698006999228
Diego Carlos Santos Silva,2.243856812197113,2.6957868120569515,2.6574458202969815,1.7866121137576956,2.9937333778968798,12.37743493620562
Jean-Philippe Gbamin,2.430627864169436,2.310475260564546,2.562824243697994,2.5616940933465795,2.4740589332722287,12.339680395050785
Max Kilman,1.166662162463485,2.962642778273721,1.593618077499051,2.5182805558132904,4.096064778959156,12.337268353008703
Jarrad Branthwaite,2.689357978185437,2.005342277473047,2.6542725495111235,2.3453862990727883,2.6281719834028765,12.322531087645272
Chris Richards,3.2470855563210703,1.7393662664043905,2.797914417501093,2.405528843833893,2.128327207772169,12.318222291832615
Ben Pearson,2.64576622943264,1.981569890265047,2.547802300776688,2.7374520103853683,2.4040761762125076,12.31666660707225
Igor Julio dos Santos de Paulo,3.27787246816471,2.161144388426475,3.0398983852323385,2.101226515614939,1.734035036233431,12.314176793671894
Matty Cash,1.72534087934201,3.022457434466042,2.403203359555893,1.8723537206363998,3.2587110346890755,12.28206642868942
Conor Coventry,2.5716956336306156,2.3599612522291276,2.295800000620946,2.658642268696682,2.3896798996058397,12.27577905478321
Oliver Skipp,2.285416112822128,2.567872466735328,2.5205188983232025,2.381342875434304,2.507649865240187,12.26280021855515
João Victor Gomes da Silva,2.320346820898913,2.757525862686137,2.228261709524121,2.5203634528354293,2.4297037006502764,12.256201546594877
Axel Disasi,1.5762083111498884,2.333539361115977,3.2051177305973466,2.6752816297180813,2.4648881333945516,12.255035165975844
Boubacar Traoré,2.3527816122019054,2.9972668022022404,2.3021046093914688,2.1621231650666815,2.4381831108417957,12.252459299704093
Nathan Collins,2.3423196064371012,1.5560918904444945,3.7054600930697665,2.99360862121771,1.6037990157247286,12.201279226893801
Elijah Adebayo,3.0024936521549384,,2.313765230528734,3.5203704512920213,3.346910548867549,12.183539882843242
Moisés Caicedo Corozo,2.83387792517766,2.1162284162255682,2.465152038159215,2.490940439675885,2.2718862649089884,12.178085084147316
Vitalii Mykolenko,2.917986533239512,1.7318406145093697,2.266984226632376,2.91153729978517,2.340906000515637,12.169254674682065
Calum Chambers,2.3274138705786545,2.9564458592692624,2.5232827904638535,1.2565720669770988,3.103279812884211,12.166994400173081
Thilo Kehrer,2.5451953598175914,2.6869894975644257,1.8794096169799444,2.7876228149368982,2.2597511216735304,12.15896841097239
Remo Freuler,2.387928476443948,2.6386363656168452,2.394945213265931,2.338716002141788,2.3909925989878404,12.151218656456352
Trevoh Chalobah,1.9584646483454442,2.218168384290327,2.2537737281261734,2.8225621632163316,2.836905088656013,12.08987401263429
Michael Keane,2.1155006995345538,2.2517671358018285,2.631027321084159,2.582023704317402,2.4912913772680234,12.071610238005967
Amadou Onana,2.12096306436188,1.9787664873702422,2.922461524775711,2.880283862238727,2.14904563242777,12.05152057117433
Joel Matip,2.5624527030650235,3.1925615582200004,1.7237217399187914,2.308837067692771,2.2064887195663587,11.994061788462945
Mario Lemina,2.0796978144328335,2.639989674093311,2.036585107809363,2.541396153090923,2.6842826725519124,11.981951421978343
Benoît Badiashile,1.9471907910546964,1.8788215689203804,2.5226929966738334,2.562329180370729,3.0635416307306853,11.974576167750325
Fabio Henrique Tavares,2.270038977686551,3.033432955957431,2.186545436063783,2.347378912523567,2.1298865812647003,11.967282863496031
Luke Freeman,3.026967725181959,,2.7185470951790505,3.3406592753616,2.850892406245765,11.937066501968374
Ethan Ampadu,1.709560525077272,1.8411573119573976,3.1120714865004,3.1469082381262377,2.1233711870142224,11.933068748675531
Isaac Hayden,2.6029303266982566,1.92806187089145,2.294575004609701,2.382798341271471,2.6936992548736463,11.902064798344526
Ben Godfrey,2.683564640440961,1.695942480944903,2.5234636372359818,2.683017002857272,2.293916045101896,11.879903806581014
Mark Travers,3.971615202043181,0.9751425356722239,2.044766327778733,2.0471324867479312,2.8407576924987303,11.8794142447408
Ben Johnson,2.6304214188847332,2.5480449799083624,2.1239330104258523,2.6080272860865374,1.9133593475183215,11.823786042823807
Boubacar Kamara,2.305590367504255,2.4278245956291107,2.3665481877339705,2.1099997159397166,2.562184739576524,11.772147606383577
Richie Laryea,1.4689123588537703,4.567569618501643,1.1032119170526649,1.0853707205822198,3.534110861284101,11.759175476274399
Flynn Downes,2.5450713862277317,2.178877879838141,2.1765491010119913,2.701180356436355,2.1511458574173643,11.752824580931584
Issa Diop,2.291883601388145,2.8082060278276746,2.465613239596422,1.2637352065550127,2.8965237285889707,11.725961803956224
Eric Bailly,2.772021546691967,1.0251821552607527,3.1935681751172984,1.5626079863390343,3.1668744960150983,11.72025435942415
Álvaro Fernández Carreras,2.613673804149223,1.788190241196026,2.9076756139618753,1.5919554655637862,2.7815048266377422,11.682999951508652
Neco Williams,1.7851459679326487,4.049935375508869,1.5015455504263784,1.4501431144809223,2.862921942207339,11.649691950556157
Lucas Digne,2.4155645373556487,2.298868029332395,2.591162708597234,1.8232042279952996,2.5028954166140904,11.631694919894667
Thomas Kaminski,2.609578564829885,,2.3552609968584006,3.5986807760937323,3.0145790458957853,11.578099383677802
Serge Aurier,1.9280493367954321,2.976061409677948,2.1129023778016274,2.061793902618499,2.4875761299660972,11.566383156859604
Jayden Bogle,3.895471072243436,2.1246596431140903,1.4250884563635617,3.9578171329301943,0.10940608984793077,11.512442394499214
James Trafford,2.8884392692120606,,2.9532403583948508,2.5998922983453214,3.006229747782199,11.447801673734432
Nathan Patterson,2.6876461332116595,1.4451446509585901,2.5813476767938317,2.0410768880211547,2.6406136045701833,11.39582895355542
Brandon Williams,2.7737750135617043,1.4326341644094605,3.1953341155171353,1.3694697863061291,2.4982905602983916,11.269503640092822
George Baldock,4.004343156513047,2.5403776220649092,0.8195299359541846,3.9655332471831306,-0.06408616761920438,11.265697794096067
Marvelous Nakamba,2.288202629916455,,2.5114791947983335,3.7712140095801354,2.688432303379223,11.259328137674146
Idrissa Gueye,2.252664848795832,1.9186718353850116,2.306260438436129,2.3854289386377605,2.3935412222571477,11.256567283511881
Ryan Yates,2.0736205529870997,2.6561242218690433,2.056323258726752,1.9168544297602557,2.5416793548040237,11.244601818147174
Bendegúz Bolla,2.2731094459880286,2.8117268440903924,1.6669279692777286,2.08031451998074,2.4095527129401937,11.241631492277083
Nathaniel Phillips,1.4562768427170312,3.0794328054742826,2.2686409091378463,2.4546848058890145,1.9505027543494897,11.209538117567664
Mason Holgate,2.097757385266407,1.654384994729349,2.3381054334690123,2.919589075556635,2.1640764573268942,11.173913346348296
Moussa Niakhaté,2.0798547961295784,3.0804077790025373,1.7966648187307408,1.6815311667446782,2.522342190497622,11.160800751105157
Ki-Jana Hoever,2.2505089978169623,2.476626547692744,1.9045877974887162,2.2532681399407757,2.2361685925505306,11.12116007548973
Olu Aina,1.5049746849897998,4.312484066166729,1.3813637183546446,0.9935682833345636,2.817925818543495,11.010316571389232
Chris Basham,4.17966293120621,2.361239787782874,0.6469739581527101,4.0176849465720155,-0.23131060346460863,10.974251020249202
Jack Robinson,4.26972283475497,2.443095114747388,0.9245823534899573,4.294350277596037,-0.9666655370960768,10.965085043492277
Calvin Bassey,2.0057968956875083,2.637945264422571,1.9342699768409686,1.311717653656662,2.926229797135526,10.815959587743237
Max Lowe,4.339063864541777,2.227321042521255,1.1385906339462162,3.842554616460279,-1.0045628261287471,10.54296733134078
Kenny Tete,2.242185849745626,1.8856177007059438,1.9966988816814908,1.258418746602759,3.0676906587816832,10.450611837517503
Hugo Bueno López,2.3972465588582255,1.94795479865192,1.7071892076739186,2.226153374367671,2.142927883373914,10.42147182292565
Pelly Ruddock Mpanzu,2.8137499111422777,,2.224475089400366,2.80172350335505,2.550634832366767,10.390583336264461
Adam Smith,3.661959615128594,0.2555948353618591,2.4134991444566296,1.9687919102797675,2.081690238177047,10.381535743403898
Allan Campbell,2.914882093097499,,1.8903915664807363,2.684694278998273,2.8208603696189645,10.310828308195472
Toti António Gomes,1.4457291997838473,3.3839282388201104,1.4474258381468568,1.5612885371785081,2.4083609630843013,10.246732777013623
Charlie Taylor,1.7395099682802817,,4.087443334704019,1.8235737557172769,2.595426575703386,10.245953634404962
Connor Roberts,1.6706096239684598,,4.2197297231081174,1.859549161923348,2.4506742329629105,10.200562741962836
Rhys Norrington-Davies,3.7568469491935987,1.960986289777602,0.8583849648033013,3.64432545050986,-0.07988419802301472,10.140659456261346
Omar Richards,1.2390858650733456,3.5859994575844754,1.1909463743380382,1.2028582822160985,2.9120105111705827,10.13090049038254
Tim Ream,2.139358010852736,2.5356093166386637,1.448025899529119,1.015210408021101,2.818235630483409,9.95643926552503
Felipe Augusto de Almeida Monteiro,2.045989405020878,2.1041488827226233,1.7629320441091245,1.8292420518535755,2.207440364773136,9.949752748479337
Sepp van den Berg,1.875498486080379,1.9788727337918095,2.0848005140667105,2.015882821453123,1.9645532488091533,9.919607804201174
Lloyd Kelly,3.574003989953183,0.5982578073039386,1.8843264978621708,1.7474971316440167,2.09858698017202,9.902672406935329
Harry Toffolo,1.1758650662709478,3.8082332547043096,0.8531178549545464,0.7189287095186483,3.3445693967023216,9.900714282150773
Illia Zabarnyi,3.453233929111602,0.937247005228782,1.7573138685062615,1.801195228097395,1.9139072759568077,9.862897306900848
Javier Manquillo Gaitán,2.700290516459525,0.7282637240490164,1.6847760351852843,2.114077572183642,2.44887236569548,9.676280213572948
Kevin Mbabu,1.575477272652333,2.5466750865102536,1.576932382874304,1.2414312898538595,2.7219397044861884,9.662455736376938
Antonee Robinson,2.2249138551253846,1.9977196858495816,1.6629286377611034,1.061078190968776,2.6879168590239377,9.634557228728784
Anel Ahmedhodžić,3.7073510430025776,2.0967361008029686,0.49415276513925654,3.7051787002149235,-0.3744957248367706,9.628922884322956
Mohamed Dräger,1.1198632024801105,3.6755526653789063,0.7854651135873141,0.7773976616471057,3.2187780893006357,9.577056732394073
Ryan Fredericks,2.824910262885223,0.7877090393909194,1.7246867817909681,2.044896006058776,2.149467464620514,9.5316695547464
Kortney Hause,1.6550007346775084,1.8098914032051212,2.7555085421460266,1.2935091231278513,2.0124911827139735,9.526400985870481
Paul Dummett,2.7412847973823693,0.6173251879158679,1.55140282421626,2.1216457116488066,2.484035328380066,9.51569384954337
Emil Krafth,2.4233391514466502,1.100144079077344,1.4550506704854618,1.788119937800868,2.350714375262341,9.117368214072666
Jamaal Lascelles,2.8712758528166997,-0.019416101464169166,1.4794265721907758,2.038207137162149,2.4105963695252495,8.780089830230704
Jan Paul van Hecke,2.6543278538886543,1.0332091099371663,2.2191736336202315,2.2435069109556034,0.5927539365562513,8.742971444957906
Tosin Adarabioyo,1.7480324125648137,1.7685149548791292,1.6807664824406965,1.202709099633923,2.0940213565691774,8.49404430608774
Yasser Larouci,2.5594959664243655,2.239906699394293,1.4326006498846269,2.405960219987927,-0.19163360946607533,8.446329926225136
Milos Kerkez,2.3930369403047527,0.5924319619646026,1.530852561686948,2.0228561784483006,1.89628568495759,8.435463327362193
Marcos Senesi,2.8435940607220305,0.025871975437723016,1.367434430277422,2.025264365972834,2.125387847066267,8.387552679476276
Teden Mengi,2.26701532928114,0.8441146658607401,2.488337074463061,0.7527506813654945,1.9513933037246431,8.303611054695079
Jordan Beyer,0.6507527375777018,,3.704713972103165,1.5222535836150088,2.1211768828626436,7.998897176158519
Joe Worrall,1.3635247316910055,2.7208381292655544,0.6930159228587227,0.6863129081241155,2.410241173517168,7.873932865456566
Scott McKenna,0.7295932026153018,2.7304633225752024,0.5048425956113052,0.5350186065628959,2.6896367172384252,7.1895544446031305
Hjalmar Ekdal,0.5759414727040566,,3.724216313164681,0.6288655505542149,2.1907682830950144,7.119791619517967
Ryan Giles,2.2515397953223157,,0.3541807083657442,2.310831420395079,2.1943037272890242,7.110855651372163
Steve Cook,0.7194169485019399,2.8483002105170536,0.5551517701520199,0.5676649878431652,2.4146038375275287,7.105137754541707
Chris Mepham,3.229786768820845,-0.847863232300039,0.9208518827438512,1.8119549353096094,1.583441151263484,6.698171505837751
Dara O'Shea,0.8400692465079667,,2.2030798124337965,0.8651910173795798,2.1186673481598532,6.027007424481196
Luke McNally,0.7939879268672607,,2.1643123334602405,0.7693982825368462,2.1303859717102727,5.85808451457462
Auston Trusty,2.080595132720969,2.365338133319959,0.4936205788576924,1.8718923845996613,-1.0086317344604128,5.802814495037869
Jonathan Panzo,-0.024345928632024894,3.303720327373724,-0.3436353359532429,-0.3226398132265311,3.0329973264841685,5.6460965760460935
Loïc Mbe Soh,0.2034565032594866,3.3904593189928525,-0.26893236158745104,-0.27972438897610896,2.2013914123819083,5.246650484070687
James Hill,1.742935854643858,-0.06530935217608302,0.9575654369228959,0.5685060808477003,1.032797900957143,4.236495921195514
Issa Kaboré,0.6835872117702984,,0.29042875759782927,2.374811379911028,0.8535502451484032,4.202377594427559
Giulian Biancone,-0.18752820365862277,3.207164315574576,-0.5638943733008652,-0.5731348894084682,2.0548518205805717,3.9374586697871914
